PRAGMA foreign_keys=OFF;

DROP TABLE `decoration`;
DROP TABLE `decoration_recipe`;
DROP TABLE `decoration_skill`;
DROP TABLE `item_combination`;

CREATE TABLE `decoration` (`id` INTEGER NOT NULL, `shop_order` INTEGER NOT NULL, `required_slots` INTEGER NOT NULL, PRIMARY KEY(`id`), FOREIGN KEY(`id`) REFERENCES `item`(`id`) ON UPDATE NO ACTION ON DELETE NO ACTION );
CREATE TABLE `decoration_recipe` (`decoration_id` INTEGER NOT NULL, `item_id` INTEGER NOT NULL, `quantity` INTEGER NOT NULL, `recipe_variant` INTEGER NOT NULL, PRIMARY KEY(`decoration_id`, `item_id`, `recipe_variant`), FOREIGN KEY(`decoration_id`) REFERENCES `decoration`(`id`) ON UPDATE NO ACTION ON DELETE NO ACTION , FOREIGN KEY(`item_id`) REFERENCES `item`(`id`) ON UPDATE NO ACTION ON DELETE NO ACTION );
CREATE TABLE `decoration_skill` (`decoration_id` INTEGER NOT NULL, `skill_tree_id` INTEGER NOT NULL, `point_value` INTEGER NOT NULL, PRIMARY KEY(`decoration_id`, `skill_tree_id`), FOREIGN KEY(`decoration_id`) REFERENCES `decoration`(`id`) ON UPDATE NO ACTION ON DELETE NO ACTION , FOREIGN KEY(`skill_tree_id`) REFERENCES `skill_tree`(`id`) ON UPDATE NO ACTION ON DELETE NO ACTION );
CREATE TABLE `item_combination` (`item_created_id` INTEGER NOT NULL, `item_a_id` INTEGER NOT NULL, `item_b_id` INTEGER NOT NULL, `combination_type` TEXT NOT NULL, `quantity_min` INTEGER NOT NULL, `quantity_max` INTEGER NOT NULL, `percentage` INTEGER NOT NULL, PRIMARY KEY(`item_created_id`, `item_a_id`, `item_b_id`), FOREIGN KEY(`item_created_id`) REFERENCES `item`(`id`) ON UPDATE NO ACTION ON DELETE NO ACTION , FOREIGN KEY(`item_a_id`) REFERENCES `item`(`id`) ON UPDATE NO ACTION ON DELETE NO ACTION , FOREIGN KEY(`item_b_id`) REFERENCES `item`(`id`) ON UPDATE NO ACTION ON DELETE NO ACTION );

-- decoration table
INSERT INTO `decoration` VALUES ('945','9','1');
INSERT INTO `decoration` VALUES ('946','11','1');
INSERT INTO `decoration` VALUES ('947','12','1');
INSERT INTO `decoration` VALUES ('948','13','1');
INSERT INTO `decoration` VALUES ('949','6','1');
INSERT INTO `decoration` VALUES ('950','8','1');
INSERT INTO `decoration` VALUES ('951','14','1');
INSERT INTO `decoration` VALUES ('952','16','1');
INSERT INTO `decoration` VALUES ('953','17','1');
INSERT INTO `decoration` VALUES ('954','18','1');
INSERT INTO `decoration` VALUES ('955','22','1');
INSERT INTO `decoration` VALUES ('956','24','1');
INSERT INTO `decoration` VALUES ('957','25','1');
INSERT INTO `decoration` VALUES ('958','26','1');
INSERT INTO `decoration` VALUES ('959','27','1');
INSERT INTO `decoration` VALUES ('960','155','1');
INSERT INTO `decoration` VALUES ('961','32','1');
INSERT INTO `decoration` VALUES ('962','28','1');
INSERT INTO `decoration` VALUES ('963','30','1');
INSERT INTO `decoration` VALUES ('964','38','1');
INSERT INTO `decoration` VALUES ('965','41','1');
INSERT INTO `decoration` VALUES ('966','42','1');
INSERT INTO `decoration` VALUES ('967','44','1');
INSERT INTO `decoration` VALUES ('968','47','1');
INSERT INTO `decoration` VALUES ('969','48','1');
INSERT INTO `decoration` VALUES ('970','49','1');
INSERT INTO `decoration` VALUES ('971','53','1');
INSERT INTO `decoration` VALUES ('972','55','1');
INSERT INTO `decoration` VALUES ('973','57','1');
INSERT INTO `decoration` VALUES ('974','59','1');
INSERT INTO `decoration` VALUES ('975','61','1');
INSERT INTO `decoration` VALUES ('976','62','1');
INSERT INTO `decoration` VALUES ('977','63','1');
INSERT INTO `decoration` VALUES ('978','64','1');
INSERT INTO `decoration` VALUES ('979','65','1');
INSERT INTO `decoration` VALUES ('980','77','1');
INSERT INTO `decoration` VALUES ('981','79','1');
INSERT INTO `decoration` VALUES ('982','81','1');
INSERT INTO `decoration` VALUES ('983','83','1');
INSERT INTO `decoration` VALUES ('984','85','1');
INSERT INTO `decoration` VALUES ('985','86','1');
INSERT INTO `decoration` VALUES ('986','1','1');
INSERT INTO `decoration` VALUES ('987','4','1');
INSERT INTO `decoration` VALUES ('988','95','1');
INSERT INTO `decoration` VALUES ('989','96','1');
INSERT INTO `decoration` VALUES ('990','97','1');
INSERT INTO `decoration` VALUES ('991','113','1');
INSERT INTO `decoration` VALUES ('992','117','1');
INSERT INTO `decoration` VALUES ('993','120','1');
INSERT INTO `decoration` VALUES ('994','121','1');
INSERT INTO `decoration` VALUES ('995','124','1');
INSERT INTO `decoration` VALUES ('996','125','1');
INSERT INTO `decoration` VALUES ('997','126','1');
INSERT INTO `decoration` VALUES ('998','127','1');
INSERT INTO `decoration` VALUES ('999','128','1');
INSERT INTO `decoration` VALUES ('1000','129','1');
INSERT INTO `decoration` VALUES ('1001','130','1');
INSERT INTO `decoration` VALUES ('1002','131','1');
INSERT INTO `decoration` VALUES ('1003','132','1');
INSERT INTO `decoration` VALUES ('1004','134','1');
INSERT INTO `decoration` VALUES ('1005','135','1');
INSERT INTO `decoration` VALUES ('1006','137','1');
INSERT INTO `decoration` VALUES ('1007','138','1');
INSERT INTO `decoration` VALUES ('1008','140','1');
INSERT INTO `decoration` VALUES ('1009','99','1');
INSERT INTO `decoration` VALUES ('1010','141','1');
INSERT INTO `decoration` VALUES ('1011','142','1');
INSERT INTO `decoration` VALUES ('1012','143','1');
INSERT INTO `decoration` VALUES ('1013','144','1');
INSERT INTO `decoration` VALUES ('1014','145','1');
INSERT INTO `decoration` VALUES ('1015','150','1');
INSERT INTO `decoration` VALUES ('1016','152','1');
INSERT INTO `decoration` VALUES ('1017','153','1');
INSERT INTO `decoration` VALUES ('1018','157','1');
INSERT INTO `decoration` VALUES ('1019','160','1');
INSERT INTO `decoration` VALUES ('1020','161','1');
INSERT INTO `decoration` VALUES ('1021','162','1');
INSERT INTO `decoration` VALUES ('1022','104','1');
INSERT INTO `decoration` VALUES ('1023','108','1');
INSERT INTO `decoration` VALUES ('1024','114','1');
INSERT INTO `decoration` VALUES ('1025','91','1');
INSERT INTO `decoration` VALUES ('1026','73','1');
INSERT INTO `decoration` VALUES ('1027','75','1');
INSERT INTO `decoration` VALUES ('1028','76','1');
INSERT INTO `decoration` VALUES ('1029','87','1');
INSERT INTO `decoration` VALUES ('1030','146','1');
INSERT INTO `decoration` VALUES ('1031','102','1');
INSERT INTO `decoration` VALUES ('1032','20','1');
INSERT INTO `decoration` VALUES ('1033','90','1');
INSERT INTO `decoration` VALUES ('1034','163','1');
INSERT INTO `decoration` VALUES ('1035','164','1');
INSERT INTO `decoration` VALUES ('1036','165','1');
INSERT INTO `decoration` VALUES ('1037','19','1');
INSERT INTO `decoration` VALUES ('1038','106','1');
INSERT INTO `decoration` VALUES ('1039','34','1');
INSERT INTO `decoration` VALUES ('1040','166','1');
INSERT INTO `decoration` VALUES ('1041','167','1');
INSERT INTO `decoration` VALUES ('1042','168','1');
INSERT INTO `decoration` VALUES ('1043','82','1');
INSERT INTO `decoration` VALUES ('1044','69','1');
INSERT INTO `decoration` VALUES ('1045','70','1');
INSERT INTO `decoration` VALUES ('1046','72','1');
INSERT INTO `decoration` VALUES ('1047','66','1');
INSERT INTO `decoration` VALUES ('1048','68','1');
INSERT INTO `decoration` VALUES ('1049','111','1');
INSERT INTO `decoration` VALUES ('1050','93','1');
INSERT INTO `decoration` VALUES ('1051','148','1');
INSERT INTO `decoration` VALUES ('1052','154','1');
INSERT INTO `decoration` VALUES ('1053','36','1');
INSERT INTO `decoration` VALUES ('1054','51','1');
INSERT INTO `decoration` VALUES ('1055','10','2');
INSERT INTO `decoration` VALUES ('1056','7','2');
INSERT INTO `decoration` VALUES ('1057','15','2');
INSERT INTO `decoration` VALUES ('1058','23','2');
INSERT INTO `decoration` VALUES ('1059','156','2');
INSERT INTO `decoration` VALUES ('1060','39','2');
INSERT INTO `decoration` VALUES ('1061','43','2');
INSERT INTO `decoration` VALUES ('1062','46','2');
INSERT INTO `decoration` VALUES ('1063','50','2');
INSERT INTO `decoration` VALUES ('1064','78','2');
INSERT INTO `decoration` VALUES ('1065','84','2');
INSERT INTO `decoration` VALUES ('1066','2','2');
INSERT INTO `decoration` VALUES ('1067','5','2');
INSERT INTO `decoration` VALUES ('1068','118','2');
INSERT INTO `decoration` VALUES ('1069','122','2');
INSERT INTO `decoration` VALUES ('1070','133','2');
INSERT INTO `decoration` VALUES ('1071','136','2');
INSERT INTO `decoration` VALUES ('1072','139','2');
INSERT INTO `decoration` VALUES ('1073','100','2');
INSERT INTO `decoration` VALUES ('1074','151','2');
INSERT INTO `decoration` VALUES ('1075','158','2');
INSERT INTO `decoration` VALUES ('1076','159','2');
INSERT INTO `decoration` VALUES ('1077','105','2');
INSERT INTO `decoration` VALUES ('1078','110','2');
INSERT INTO `decoration` VALUES ('1079','115','2');
INSERT INTO `decoration` VALUES ('1080','116','2');
INSERT INTO `decoration` VALUES ('1081','88','2');
INSERT INTO `decoration` VALUES ('1082','103','2');
INSERT INTO `decoration` VALUES ('1083','21','2');
INSERT INTO `decoration` VALUES ('1084','35','2');
INSERT INTO `decoration` VALUES ('1085','71','2');
INSERT INTO `decoration` VALUES ('1086','67','2');
INSERT INTO `decoration` VALUES ('1087','112','2');
INSERT INTO `decoration` VALUES ('1088','94','2');
INSERT INTO `decoration` VALUES ('1089','149','2');
INSERT INTO `decoration` VALUES ('1090','33','3');
INSERT INTO `decoration` VALUES ('1091','29','3');
INSERT INTO `decoration` VALUES ('1092','31','3');
INSERT INTO `decoration` VALUES ('1093','40','3');
INSERT INTO `decoration` VALUES ('1094','45','3');
INSERT INTO `decoration` VALUES ('1095','54','3');
INSERT INTO `decoration` VALUES ('1096','56','3');
INSERT INTO `decoration` VALUES ('1097','58','3');
INSERT INTO `decoration` VALUES ('1098','60','3');
INSERT INTO `decoration` VALUES ('1099','80','3');
INSERT INTO `decoration` VALUES ('1100','3','3');
INSERT INTO `decoration` VALUES ('1101','98','3');
INSERT INTO `decoration` VALUES ('1102','119','3');
INSERT INTO `decoration` VALUES ('1103','123','3');
INSERT INTO `decoration` VALUES ('1104','101','3');
INSERT INTO `decoration` VALUES ('1105','109','3');
INSERT INTO `decoration` VALUES ('1106','92','3');
INSERT INTO `decoration` VALUES ('1107','74','3');
INSERT INTO `decoration` VALUES ('1108','89','3');
INSERT INTO `decoration` VALUES ('1109','147','3');
INSERT INTO `decoration` VALUES ('1110','107','3');
INSERT INTO `decoration` VALUES ('1111','37','3');
INSERT INTO `decoration` VALUES ('1112','52','3');

-- decoration recipe table
INSERT INTO `decoration_recipe` VALUES ('945','941','1','1');
INSERT INTO `decoration_recipe` VALUES ('945','356','1','1');
INSERT INTO `decoration_recipe` VALUES ('946','943','1','1');
INSERT INTO `decoration_recipe` VALUES ('946','655','1','1');
INSERT INTO `decoration_recipe` VALUES ('946','29','2','1');
INSERT INTO `decoration_recipe` VALUES ('947','941','1','1');
INSERT INTO `decoration_recipe` VALUES ('947','166','2','1');
INSERT INTO `decoration_recipe` VALUES ('948','942','1','1');
INSERT INTO `decoration_recipe` VALUES ('948','270','1','1');
INSERT INTO `decoration_recipe` VALUES ('948','230','2','1');
INSERT INTO `decoration_recipe` VALUES ('949','941','1','1');
INSERT INTO `decoration_recipe` VALUES ('949','347','2','1');
INSERT INTO `decoration_recipe` VALUES ('950','943','1','1');
INSERT INTO `decoration_recipe` VALUES ('950','440','1','1');
INSERT INTO `decoration_recipe` VALUES ('950','321','2','1');
INSERT INTO `decoration_recipe` VALUES ('951','941','1','1');
INSERT INTO `decoration_recipe` VALUES ('951','364','2','1');
INSERT INTO `decoration_recipe` VALUES ('952','943','1','1');
INSERT INTO `decoration_recipe` VALUES ('952','268','1','1');
INSERT INTO `decoration_recipe` VALUES ('952','333','2','1');
INSERT INTO `decoration_recipe` VALUES ('953','941','1','1');
INSERT INTO `decoration_recipe` VALUES ('953','441','2','1');
INSERT INTO `decoration_recipe` VALUES ('953','250','1','1');
INSERT INTO `decoration_recipe` VALUES ('954','942','1','1');
INSERT INTO `decoration_recipe` VALUES ('954','443','2','1');
INSERT INTO `decoration_recipe` VALUES ('954','217','2','1');
INSERT INTO `decoration_recipe` VALUES ('954','943','1','2');
INSERT INTO `decoration_recipe` VALUES ('954','445','1','2');
INSERT INTO `decoration_recipe` VALUES ('955','941','1','1');
INSERT INTO `decoration_recipe` VALUES ('955','339','2','1');
INSERT INTO `decoration_recipe` VALUES ('956','943','1','1');
INSERT INTO `decoration_recipe` VALUES ('956','437','1','1');
INSERT INTO `decoration_recipe` VALUES ('956','340','3','1');
INSERT INTO `decoration_recipe` VALUES ('957','941','1','1');
INSERT INTO `decoration_recipe` VALUES ('957','426','1','1');
INSERT INTO `decoration_recipe` VALUES ('957','165','2','1');
INSERT INTO `decoration_recipe` VALUES ('958','942','1','1');
INSERT INTO `decoration_recipe` VALUES ('958','727','1','1');
INSERT INTO `decoration_recipe` VALUES ('959','941','1','1');
INSERT INTO `decoration_recipe` VALUES ('959','324','1','1');
INSERT INTO `decoration_recipe` VALUES ('960','942','1','1');
INSERT INTO `decoration_recipe` VALUES ('960','279','1','1');
INSERT INTO `decoration_recipe` VALUES ('960','256','1','1');
INSERT INTO `decoration_recipe` VALUES ('961','943','1','1');
INSERT INTO `decoration_recipe` VALUES ('961','507','1','1');
INSERT INTO `decoration_recipe` VALUES ('961','416','1','1');
INSERT INTO `decoration_recipe` VALUES ('962','943','1','1');
INSERT INTO `decoration_recipe` VALUES ('962','673','1','1');
INSERT INTO `decoration_recipe` VALUES ('962','944','1','2');
INSERT INTO `decoration_recipe` VALUES ('962','509','1','2');
INSERT INTO `decoration_recipe` VALUES ('962','697','1','2');
INSERT INTO `decoration_recipe` VALUES ('963','943','1','1');
INSERT INTO `decoration_recipe` VALUES ('963','549','1','1');
INSERT INTO `decoration_recipe` VALUES ('963','944','1','2');
INSERT INTO `decoration_recipe` VALUES ('963','700','2','2');
INSERT INTO `decoration_recipe` VALUES ('963','573','1','2');
INSERT INTO `decoration_recipe` VALUES ('964','942','1','1');
INSERT INTO `decoration_recipe` VALUES ('964','397','1','1');
INSERT INTO `decoration_recipe` VALUES ('964','328','1','1');
INSERT INTO `decoration_recipe` VALUES ('965','941','1','1');
INSERT INTO `decoration_recipe` VALUES ('965','202','1','1');
INSERT INTO `decoration_recipe` VALUES ('965','344','1','1');
INSERT INTO `decoration_recipe` VALUES ('966','942','1','1');
INSERT INTO `decoration_recipe` VALUES ('966','585','1','1');
INSERT INTO `decoration_recipe` VALUES ('966','493','1','1');
INSERT INTO `decoration_recipe` VALUES ('967','943','1','1');
INSERT INTO `decoration_recipe` VALUES ('967','627','1','1');
INSERT INTO `decoration_recipe` VALUES ('968','941','1','1');
INSERT INTO `decoration_recipe` VALUES ('968','320','1','1');
INSERT INTO `decoration_recipe` VALUES ('968','492','2','1');
INSERT INTO `decoration_recipe` VALUES ('969','941','1','1');
INSERT INTO `decoration_recipe` VALUES ('969','424','2','1');
INSERT INTO `decoration_recipe` VALUES ('969','441','1','1');
INSERT INTO `decoration_recipe` VALUES ('970','942','1','1');
INSERT INTO `decoration_recipe` VALUES ('970','501','1','1');
INSERT INTO `decoration_recipe` VALUES ('970','327','2','1');
INSERT INTO `decoration_recipe` VALUES ('971','943','1','1');
INSERT INTO `decoration_recipe` VALUES ('971','702','1','1');
INSERT INTO `decoration_recipe` VALUES ('971','631','1','1');
INSERT INTO `decoration_recipe` VALUES ('971','944','1','2');
INSERT INTO `decoration_recipe` VALUES ('971','500','1','2');
INSERT INTO `decoration_recipe` VALUES ('971','703','1','2');
INSERT INTO `decoration_recipe` VALUES ('972','942','1','1');
INSERT INTO `decoration_recipe` VALUES ('972','447','1','1');
INSERT INTO `decoration_recipe` VALUES ('972','232','5','1');
INSERT INTO `decoration_recipe` VALUES ('973','942','1','1');
INSERT INTO `decoration_recipe` VALUES ('973','508','1','1');
INSERT INTO `decoration_recipe` VALUES ('973','231','3','1');
INSERT INTO `decoration_recipe` VALUES ('974','942','1','1');
INSERT INTO `decoration_recipe` VALUES ('974','466','3','1');
INSERT INTO `decoration_recipe` VALUES ('974','297','2','1');
INSERT INTO `decoration_recipe` VALUES ('975','943','1','1');
INSERT INTO `decoration_recipe` VALUES ('975','691','1','1');
INSERT INTO `decoration_recipe` VALUES ('975','98','1','1');
INSERT INTO `decoration_recipe` VALUES ('976','942','1','1');
INSERT INTO `decoration_recipe` VALUES ('976','408','1','1');
INSERT INTO `decoration_recipe` VALUES ('976','101','1','1');
INSERT INTO `decoration_recipe` VALUES ('977','941','1','1');
INSERT INTO `decoration_recipe` VALUES ('977','482','1','1');
INSERT INTO `decoration_recipe` VALUES ('977','104','1','1');
INSERT INTO `decoration_recipe` VALUES ('978','942','1','1');
INSERT INTO `decoration_recipe` VALUES ('978','585','1','1');
INSERT INTO `decoration_recipe` VALUES ('978','107','1','1');
INSERT INTO `decoration_recipe` VALUES ('979','943','1','1');
INSERT INTO `decoration_recipe` VALUES ('979','621','1','1');
INSERT INTO `decoration_recipe` VALUES ('979','110','1','1');
INSERT INTO `decoration_recipe` VALUES ('980','943','1','1');
INSERT INTO `decoration_recipe` VALUES ('980','733','1','1');
INSERT INTO `decoration_recipe` VALUES ('980','183','2','1');
INSERT INTO `decoration_recipe` VALUES ('981','943','1','1');
INSERT INTO `decoration_recipe` VALUES ('981','680','1','1');
INSERT INTO `decoration_recipe` VALUES ('981','209','1','1');
INSERT INTO `decoration_recipe` VALUES ('981','218','1','1');
INSERT INTO `decoration_recipe` VALUES ('982','942','1','1');
INSERT INTO `decoration_recipe` VALUES ('982','272','1','1');
INSERT INTO `decoration_recipe` VALUES ('982','913','1','1');
INSERT INTO `decoration_recipe` VALUES ('983','941','1','1');
INSERT INTO `decoration_recipe` VALUES ('983','480','1','1');
INSERT INTO `decoration_recipe` VALUES ('983','48','2','1');
INSERT INTO `decoration_recipe` VALUES ('984','944','1','1');
INSERT INTO `decoration_recipe` VALUES ('984','476','1','1');
INSERT INTO `decoration_recipe` VALUES ('984','485','1','1');
INSERT INTO `decoration_recipe` VALUES ('984','13','1','1');
INSERT INTO `decoration_recipe` VALUES ('985','942','1','1');
INSERT INTO `decoration_recipe` VALUES ('985','450','1','1');
INSERT INTO `decoration_recipe` VALUES ('985','236','1','1');
INSERT INTO `decoration_recipe` VALUES ('986','941','1','1');
INSERT INTO `decoration_recipe` VALUES ('986','185','1','1');
INSERT INTO `decoration_recipe` VALUES ('986','381','1','1');
INSERT INTO `decoration_recipe` VALUES ('987','941','1','1');
INSERT INTO `decoration_recipe` VALUES ('987','492','2','1');
INSERT INTO `decoration_recipe` VALUES ('988','942','1','1');
INSERT INTO `decoration_recipe` VALUES ('988','900','1','1');
INSERT INTO `decoration_recipe` VALUES ('988','197','1','1');
INSERT INTO `decoration_recipe` VALUES ('989','944','1','1');
INSERT INTO `decoration_recipe` VALUES ('989','808','1','1');
INSERT INTO `decoration_recipe` VALUES ('989','902','1','1');
INSERT INTO `decoration_recipe` VALUES ('990','943','1','1');
INSERT INTO `decoration_recipe` VALUES ('990','414','1','1');
INSERT INTO `decoration_recipe` VALUES ('990','663','1','1');
INSERT INTO `decoration_recipe` VALUES ('990','944','1','2');
INSERT INTO `decoration_recipe` VALUES ('990','415','1','2');
INSERT INTO `decoration_recipe` VALUES ('991','941','1','1');
INSERT INTO `decoration_recipe` VALUES ('991','168','2','1');
INSERT INTO `decoration_recipe` VALUES ('991','289','1','1');
INSERT INTO `decoration_recipe` VALUES ('992','942','1','1');
INSERT INTO `decoration_recipe` VALUES ('992','582','1','1');
INSERT INTO `decoration_recipe` VALUES ('992','169','2','1');
INSERT INTO `decoration_recipe` VALUES ('993','941','1','1');
INSERT INTO `decoration_recipe` VALUES ('993','278','1','1');
INSERT INTO `decoration_recipe` VALUES ('993','294','1','1');
INSERT INTO `decoration_recipe` VALUES ('994','943','1','1');
INSERT INTO `decoration_recipe` VALUES ('994','684','1','1');
INSERT INTO `decoration_recipe` VALUES ('995','941','1','1');
INSERT INTO `decoration_recipe` VALUES ('995','164','2','1');
INSERT INTO `decoration_recipe` VALUES ('996','942','1','1');
INSERT INTO `decoration_recipe` VALUES ('996','272','1','1');
INSERT INTO `decoration_recipe` VALUES ('997','941','1','1');
INSERT INTO `decoration_recipe` VALUES ('997','228','2','1');
INSERT INTO `decoration_recipe` VALUES ('998','942','1','1');
INSERT INTO `decoration_recipe` VALUES ('998','468','1','1');
INSERT INTO `decoration_recipe` VALUES ('999','941','1','1');
INSERT INTO `decoration_recipe` VALUES ('999','218','2','1');
INSERT INTO `decoration_recipe` VALUES ('1000','942','1','1');
INSERT INTO `decoration_recipe` VALUES ('1000','343','2','1');
INSERT INTO `decoration_recipe` VALUES ('1001','941','1','1');
INSERT INTO `decoration_recipe` VALUES ('1001','252','2','1');
INSERT INTO `decoration_recipe` VALUES ('1002','942','1','1');
INSERT INTO `decoration_recipe` VALUES ('1002','275','1','1');
INSERT INTO `decoration_recipe` VALUES ('1003','942','1','1');
INSERT INTO `decoration_recipe` VALUES ('1003','663','1','1');
INSERT INTO `decoration_recipe` VALUES ('1003','187','1','1');
INSERT INTO `decoration_recipe` VALUES ('1004','944','1','1');
INSERT INTO `decoration_recipe` VALUES ('1004','666','3','1');
INSERT INTO `decoration_recipe` VALUES ('1004','463','1','1');
INSERT INTO `decoration_recipe` VALUES ('1005','941','1','1');
INSERT INTO `decoration_recipe` VALUES ('1005','424','2','1');
INSERT INTO `decoration_recipe` VALUES ('1006','944','1','1');
INSERT INTO `decoration_recipe` VALUES ('1006','433','2','1');
INSERT INTO `decoration_recipe` VALUES ('1006','342','1','1');
INSERT INTO `decoration_recipe` VALUES ('1007','941','1','1');
INSERT INTO `decoration_recipe` VALUES ('1007','480','2','1');
INSERT INTO `decoration_recipe` VALUES ('1008','944','1','1');
INSERT INTO `decoration_recipe` VALUES ('1008','438','2','1');
INSERT INTO `decoration_recipe` VALUES ('1008','360','1','1');
INSERT INTO `decoration_recipe` VALUES ('1009','942','1','1');
INSERT INTO `decoration_recipe` VALUES ('1009','635','1','1');
INSERT INTO `decoration_recipe` VALUES ('1009','201','2','1');
INSERT INTO `decoration_recipe` VALUES ('1010','942','1','1');
INSERT INTO `decoration_recipe` VALUES ('1010','204','1','1');
INSERT INTO `decoration_recipe` VALUES ('1010','219','2','1');
INSERT INTO `decoration_recipe` VALUES ('1011','941','1','1');
INSERT INTO `decoration_recipe` VALUES ('1011','171','1','1');
INSERT INTO `decoration_recipe` VALUES ('1011','247','2','1');
INSERT INTO `decoration_recipe` VALUES ('1012','942','1','1');
INSERT INTO `decoration_recipe` VALUES ('1012','263','1','1');
INSERT INTO `decoration_recipe` VALUES ('1012','278','1','1');
INSERT INTO `decoration_recipe` VALUES ('1013','941','1','1');
INSERT INTO `decoration_recipe` VALUES ('1013','180','2','1');
INSERT INTO `decoration_recipe` VALUES ('1013','57','1','1');
INSERT INTO `decoration_recipe` VALUES ('1013','155','1','1');
INSERT INTO `decoration_recipe` VALUES ('1014','943','1','1');
INSERT INTO `decoration_recipe` VALUES ('1014','533','1','1');
INSERT INTO `decoration_recipe` VALUES ('1014','145','1','1');
INSERT INTO `decoration_recipe` VALUES ('1014','149','1','1');
INSERT INTO `decoration_recipe` VALUES ('1015','942','1','1');
INSERT INTO `decoration_recipe` VALUES ('1015','858','1','1');
INSERT INTO `decoration_recipe` VALUES ('1016','941','1','1');
INSERT INTO `decoration_recipe` VALUES ('1016','135','1','1');
INSERT INTO `decoration_recipe` VALUES ('1016','246','1','1');
INSERT INTO `decoration_recipe` VALUES ('1017','941','1','1');
INSERT INTO `decoration_recipe` VALUES ('1017','387','1','1');
INSERT INTO `decoration_recipe` VALUES ('1017','24','1','1');
INSERT INTO `decoration_recipe` VALUES ('1018','942','1','1');
INSERT INTO `decoration_recipe` VALUES ('1018','576','1','1');
INSERT INTO `decoration_recipe` VALUES ('1018','326','2','1');
INSERT INTO `decoration_recipe` VALUES ('1019','941','1','1');
INSERT INTO `decoration_recipe` VALUES ('1019','1','1','1');
INSERT INTO `decoration_recipe` VALUES ('1019','243','1','1');
INSERT INTO `decoration_recipe` VALUES ('1020','941','1','1');
INSERT INTO `decoration_recipe` VALUES ('1020','98','3','1');
INSERT INTO `decoration_recipe` VALUES ('1020','104','2','1');
INSERT INTO `decoration_recipe` VALUES ('1020','110','1','1');
INSERT INTO `decoration_recipe` VALUES ('1021','942','1','1');
INSERT INTO `decoration_recipe` VALUES ('1021','156','1','1');
INSERT INTO `decoration_recipe` VALUES ('1021','32','1','1');
INSERT INTO `decoration_recipe` VALUES ('1021','217','2','1');
INSERT INTO `decoration_recipe` VALUES ('1022','942','1','1');
INSERT INTO `decoration_recipe` VALUES ('1022','513','1','1');
INSERT INTO `decoration_recipe` VALUES ('1022','257','1','1');
INSERT INTO `decoration_recipe` VALUES ('1022','943','1','2');
INSERT INTO `decoration_recipe` VALUES ('1022','607','1','2');
INSERT INTO `decoration_recipe` VALUES ('1022','263','1','2');
INSERT INTO `decoration_recipe` VALUES ('1023','943','1','1');
INSERT INTO `decoration_recipe` VALUES ('1023','671','1','1');
INSERT INTO `decoration_recipe` VALUES ('1023','491','1','1');
INSERT INTO `decoration_recipe` VALUES ('1024','942','1','1');
INSERT INTO `decoration_recipe` VALUES ('1024','474','1','1');
INSERT INTO `decoration_recipe` VALUES ('1024','656','2','1');
INSERT INTO `decoration_recipe` VALUES ('1025','942','1','1');
INSERT INTO `decoration_recipe` VALUES ('1025','209','1','1');
INSERT INTO `decoration_recipe` VALUES ('1025','14','1','1');
INSERT INTO `decoration_recipe` VALUES ('1025','49','1','1');
INSERT INTO `decoration_recipe` VALUES ('1026','943','1','1');
INSERT INTO `decoration_recipe` VALUES ('1026','527','1','1');
INSERT INTO `decoration_recipe` VALUES ('1026','335','1','1');
INSERT INTO `decoration_recipe` VALUES ('1026','944','1','2');
INSERT INTO `decoration_recipe` VALUES ('1026','801','1','2');
INSERT INTO `decoration_recipe` VALUES ('1026','767','1','2');
INSERT INTO `decoration_recipe` VALUES ('1027','941','1','1');
INSERT INTO `decoration_recipe` VALUES ('1027','328','1','1');
INSERT INTO `decoration_recipe` VALUES ('1027','426','1','1');
INSERT INTO `decoration_recipe` VALUES ('1028','942','1','1');
INSERT INTO `decoration_recipe` VALUES ('1028','326','1','1');
INSERT INTO `decoration_recipe` VALUES ('1028','256','1','1');
INSERT INTO `decoration_recipe` VALUES ('1028','231','2','1');
INSERT INTO `decoration_recipe` VALUES ('1029','943','1','1');
INSERT INTO `decoration_recipe` VALUES ('1029','603','1','1');
INSERT INTO `decoration_recipe` VALUES ('1029','319','1','1');
INSERT INTO `decoration_recipe` VALUES ('1030','943','1','1');
INSERT INTO `decoration_recipe` VALUES ('1030','724','1','1');
INSERT INTO `decoration_recipe` VALUES ('1030','336','1','1');
INSERT INTO `decoration_recipe` VALUES ('1030','944','1','2');
INSERT INTO `decoration_recipe` VALUES ('1030','401','1','2');
INSERT INTO `decoration_recipe` VALUES ('1030','338','1','2');
INSERT INTO `decoration_recipe` VALUES ('1031','942','1','1');
INSERT INTO `decoration_recipe` VALUES ('1031','585','1','1');
INSERT INTO `decoration_recipe` VALUES ('1031','20','1','1');
INSERT INTO `decoration_recipe` VALUES ('1032','942','1','1');
INSERT INTO `decoration_recipe` VALUES ('1032','431','1','1');
INSERT INTO `decoration_recipe` VALUES ('1032','17','1','1');
INSERT INTO `decoration_recipe` VALUES ('1033','941','1','1');
INSERT INTO `decoration_recipe` VALUES ('1033','913','1','1');
INSERT INTO `decoration_recipe` VALUES ('1033','50','1','1');
INSERT INTO `decoration_recipe` VALUES ('1034','941','1','1');
INSERT INTO `decoration_recipe` VALUES ('1034','203','1','1');
INSERT INTO `decoration_recipe` VALUES ('1034','35','2','1');
INSERT INTO `decoration_recipe` VALUES ('1035','943','1','1');
INSERT INTO `decoration_recipe` VALUES ('1035','204','2','1');
INSERT INTO `decoration_recipe` VALUES ('1035','209','1','1');
INSERT INTO `decoration_recipe` VALUES ('1036','942','1','1');
INSERT INTO `decoration_recipe` VALUES ('1036','443','2','1');
INSERT INTO `decoration_recipe` VALUES ('1036','155','1','1');
INSERT INTO `decoration_recipe` VALUES ('1037','943','1','1');
INSERT INTO `decoration_recipe` VALUES ('1037','744','1','1');
INSERT INTO `decoration_recipe` VALUES ('1037','161','3','1');
INSERT INTO `decoration_recipe` VALUES ('1037','944','1','2');
INSERT INTO `decoration_recipe` VALUES ('1037','741','2','2');
INSERT INTO `decoration_recipe` VALUES ('1037','34','1','2');
INSERT INTO `decoration_recipe` VALUES ('1038','943','1','1');
INSERT INTO `decoration_recipe` VALUES ('1038','616','1','1');
INSERT INTO `decoration_recipe` VALUES ('1038','753','1','1');
INSERT INTO `decoration_recipe` VALUES ('1038','944','1','2');
INSERT INTO `decoration_recipe` VALUES ('1038','617','1','2');
INSERT INTO `decoration_recipe` VALUES ('1038','255','5','2');
INSERT INTO `decoration_recipe` VALUES ('1039','943','1','1');
INSERT INTO `decoration_recipe` VALUES ('1039','670','2','1');
INSERT INTO `decoration_recipe` VALUES ('1039','558','1','1');
INSERT INTO `decoration_recipe` VALUES ('1039','944','1','2');
INSERT INTO `decoration_recipe` VALUES ('1039','559','1','2');
INSERT INTO `decoration_recipe` VALUES ('1040','941','1','1');
INSERT INTO `decoration_recipe` VALUES ('1040','915','1','1');
INSERT INTO `decoration_recipe` VALUES ('1040','943','1','2');
INSERT INTO `decoration_recipe` VALUES ('1040','901','1','2');
INSERT INTO `decoration_recipe` VALUES ('1040','237','1','2');
INSERT INTO `decoration_recipe` VALUES ('1040','168','10','2');
INSERT INTO `decoration_recipe` VALUES ('1041','944','1','1');
INSERT INTO `decoration_recipe` VALUES ('1041','427','1','1');
INSERT INTO `decoration_recipe` VALUES ('1041','901','1','1');
INSERT INTO `decoration_recipe` VALUES ('1041','16','1','1');
INSERT INTO `decoration_recipe` VALUES ('1042','944','1','1');
INSERT INTO `decoration_recipe` VALUES ('1042','386','1','1');
INSERT INTO `decoration_recipe` VALUES ('1042','901','1','1');
INSERT INTO `decoration_recipe` VALUES ('1042','19','1','1');
INSERT INTO `decoration_recipe` VALUES ('1043','943','1','1');
INSERT INTO `decoration_recipe` VALUES ('1043','336','1','1');
INSERT INTO `decoration_recipe` VALUES ('1043','79','1','1');
INSERT INTO `decoration_recipe` VALUES ('1044','942','1','1');
INSERT INTO `decoration_recipe` VALUES ('1044','400','1','1');
INSERT INTO `decoration_recipe` VALUES ('1044','266','1','1');
INSERT INTO `decoration_recipe` VALUES ('1044','130','1','1');
INSERT INTO `decoration_recipe` VALUES ('1045','942','1','1');
INSERT INTO `decoration_recipe` VALUES ('1045','361','1','1');
INSERT INTO `decoration_recipe` VALUES ('1045','658','1','1');
INSERT INTO `decoration_recipe` VALUES ('1045','131','1','1');
INSERT INTO `decoration_recipe` VALUES ('1046','942','1','1');
INSERT INTO `decoration_recipe` VALUES ('1046','471','1','1');
INSERT INTO `decoration_recipe` VALUES ('1046','270','1','1');
INSERT INTO `decoration_recipe` VALUES ('1046','132','1','1');
INSERT INTO `decoration_recipe` VALUES ('1047','943','1','1');
INSERT INTO `decoration_recipe` VALUES ('1047','444','1','1');
INSERT INTO `decoration_recipe` VALUES ('1047','772','1','1');
INSERT INTO `decoration_recipe` VALUES ('1047','129','1','1');
INSERT INTO `decoration_recipe` VALUES ('1048','942','1','1');
INSERT INTO `decoration_recipe` VALUES ('1048','715','1','1');
INSERT INTO `decoration_recipe` VALUES ('1048','422','1','1');
INSERT INTO `decoration_recipe` VALUES ('1048','133','1','1');
INSERT INTO `decoration_recipe` VALUES ('1049','943','1','1');
INSERT INTO `decoration_recipe` VALUES ('1049','499','1','1');
INSERT INTO `decoration_recipe` VALUES ('1049','292','2','1');
INSERT INTO `decoration_recipe` VALUES ('1050','942','1','1');
INSERT INTO `decoration_recipe` VALUES ('1050','914','1','1');
INSERT INTO `decoration_recipe` VALUES ('1050','416','1','1');
INSERT INTO `decoration_recipe` VALUES ('1051','943','1','1');
INSERT INTO `decoration_recipe` VALUES ('1051','371','1','1');
INSERT INTO `decoration_recipe` VALUES ('1051','466','1','1');
INSERT INTO `decoration_recipe` VALUES ('1051','76','1','1');
INSERT INTO `decoration_recipe` VALUES ('1052','943','1','1');
INSERT INTO `decoration_recipe` VALUES ('1052','379','1','1');
INSERT INTO `decoration_recipe` VALUES ('1052','153','1','1');
INSERT INTO `decoration_recipe` VALUES ('1053','943','1','1');
INSERT INTO `decoration_recipe` VALUES ('1053','720','1','1');
INSERT INTO `decoration_recipe` VALUES ('1053','747','1','1');
INSERT INTO `decoration_recipe` VALUES ('1053','944','1','2');
INSERT INTO `decoration_recipe` VALUES ('1053','455','1','2');
INSERT INTO `decoration_recipe` VALUES ('1053','716','1','2');
INSERT INTO `decoration_recipe` VALUES ('1054','943','1','1');
INSERT INTO `decoration_recipe` VALUES ('1054','521','1','1');
INSERT INTO `decoration_recipe` VALUES ('1054','944','1','2');
INSERT INTO `decoration_recipe` VALUES ('1054','776','1','2');
INSERT INTO `decoration_recipe` VALUES ('1054','815','2','2');
INSERT INTO `decoration_recipe` VALUES ('1055','942','1','1');
INSERT INTO `decoration_recipe` VALUES ('1055','269','1','1');
INSERT INTO `decoration_recipe` VALUES ('1056','942','1','1');
INSERT INTO `decoration_recipe` VALUES ('1056','353','2','1');
INSERT INTO `decoration_recipe` VALUES ('1056','405','1','1');
INSERT INTO `decoration_recipe` VALUES ('1057','942','1','1');
INSERT INTO `decoration_recipe` VALUES ('1057','266','2','1');
INSERT INTO `decoration_recipe` VALUES ('1057','30','2','1');
INSERT INTO `decoration_recipe` VALUES ('1058','942','1','1');
INSERT INTO `decoration_recipe` VALUES ('1058','428','1','1');
INSERT INTO `decoration_recipe` VALUES ('1059','943','1','1');
INSERT INTO `decoration_recipe` VALUES ('1059','579','1','1');
INSERT INTO `decoration_recipe` VALUES ('1059','696','3','1');
INSERT INTO `decoration_recipe` VALUES ('1059','36','10','1');
INSERT INTO `decoration_recipe` VALUES ('1059','944','1','2');
INSERT INTO `decoration_recipe` VALUES ('1059','580','1','2');
INSERT INTO `decoration_recipe` VALUES ('1059','37','2','2');
INSERT INTO `decoration_recipe` VALUES ('1060','943','1','1');
INSERT INTO `decoration_recipe` VALUES ('1060','754','1','1');
INSERT INTO `decoration_recipe` VALUES ('1060','632','1','1');
INSERT INTO `decoration_recipe` VALUES ('1060','944','1','2');
INSERT INTO `decoration_recipe` VALUES ('1060','761','1','2');
INSERT INTO `decoration_recipe` VALUES ('1061','943','1','1');
INSERT INTO `decoration_recipe` VALUES ('1061','706','1','1');
INSERT INTO `decoration_recipe` VALUES ('1061','625','1','1');
INSERT INTO `decoration_recipe` VALUES ('1061','944','1','2');
INSERT INTO `decoration_recipe` VALUES ('1061','622','1','2');
INSERT INTO `decoration_recipe` VALUES ('1061','710','1','2');
INSERT INTO `decoration_recipe` VALUES ('1062','944','1','1');
INSERT INTO `decoration_recipe` VALUES ('1062','500','2','1');
INSERT INTO `decoration_recipe` VALUES ('1062','623','1','1');
INSERT INTO `decoration_recipe` VALUES ('1063','943','1','1');
INSERT INTO `decoration_recipe` VALUES ('1063','681','1','1');
INSERT INTO `decoration_recipe` VALUES ('1063','690','1','1');
INSERT INTO `decoration_recipe` VALUES ('1063','644','2','1');
INSERT INTO `decoration_recipe` VALUES ('1063','944','1','2');
INSERT INTO `decoration_recipe` VALUES ('1063','699','1','2');
INSERT INTO `decoration_recipe` VALUES ('1063','647','1','2');
INSERT INTO `decoration_recipe` VALUES ('1064','944','1','1');
INSERT INTO `decoration_recipe` VALUES ('1064','451','3','1');
INSERT INTO `decoration_recipe` VALUES ('1064','421','1','1');
INSERT INTO `decoration_recipe` VALUES ('1065','942','1','1');
INSERT INTO `decoration_recipe` VALUES ('1065','477','1','1');
INSERT INTO `decoration_recipe` VALUES ('1065','480','1','1');
INSERT INTO `decoration_recipe` VALUES ('1065','49','1','1');
INSERT INTO `decoration_recipe` VALUES ('1066','942','1','1');
INSERT INTO `decoration_recipe` VALUES ('1066','541','1','1');
INSERT INTO `decoration_recipe` VALUES ('1066','15','2','1');
INSERT INTO `decoration_recipe` VALUES ('1067','942','1','1');
INSERT INTO `decoration_recipe` VALUES ('1067','627','1','1');
INSERT INTO `decoration_recipe` VALUES ('1067','496','1','1');
INSERT INTO `decoration_recipe` VALUES ('1067','943','1','2');
INSERT INTO `decoration_recipe` VALUES ('1067','498','1','2');
INSERT INTO `decoration_recipe` VALUES ('1068','944','1','1');
INSERT INTO `decoration_recipe` VALUES ('1068','583','1','1');
INSERT INTO `decoration_recipe` VALUES ('1068','37','1','1');
INSERT INTO `decoration_recipe` VALUES ('1068','171','4','1');
INSERT INTO `decoration_recipe` VALUES ('1069','944','1','1');
INSERT INTO `decoration_recipe` VALUES ('1069','688','1','1');
INSERT INTO `decoration_recipe` VALUES ('1069','763','1','1');
INSERT INTO `decoration_recipe` VALUES ('1070','943','1','1');
INSERT INTO `decoration_recipe` VALUES ('1070','665','2','1');
INSERT INTO `decoration_recipe` VALUES ('1070','115','3','1');
INSERT INTO `decoration_recipe` VALUES ('1071','942','1','1');
INSERT INTO `decoration_recipe` VALUES ('1071','434','1','1');
INSERT INTO `decoration_recipe` VALUES ('1071','218','4','1');
INSERT INTO `decoration_recipe` VALUES ('1072','942','1','1');
INSERT INTO `decoration_recipe` VALUES ('1072','482','1','1');
INSERT INTO `decoration_recipe` VALUES ('1072','177','4','1');
INSERT INTO `decoration_recipe` VALUES ('1073','944','1','1');
INSERT INTO `decoration_recipe` VALUES ('1073','728','1','1');
INSERT INTO `decoration_recipe` VALUES ('1073','636','1','1');
INSERT INTO `decoration_recipe` VALUES ('1074','943','1','1');
INSERT INTO `decoration_recipe` VALUES ('1074','860','1','1');
INSERT INTO `decoration_recipe` VALUES ('1075','944','1','1');
INSERT INTO `decoration_recipe` VALUES ('1075','577','1','1');
INSERT INTO `decoration_recipe` VALUES ('1075','32','1','1');
INSERT INTO `decoration_recipe` VALUES ('1076','944','1','1');
INSERT INTO `decoration_recipe` VALUES ('1076','578','3','1');
INSERT INTO `decoration_recipe` VALUES ('1076','749','2','1');
INSERT INTO `decoration_recipe` VALUES ('1076','160','10','1');
INSERT INTO `decoration_recipe` VALUES ('1077','944','1','1');
INSERT INTO `decoration_recipe` VALUES ('1077','514','1','1');
INSERT INTO `decoration_recipe` VALUES ('1077','362','1','1');
INSERT INTO `decoration_recipe` VALUES ('1078','944','1','1');
INSERT INTO `decoration_recipe` VALUES ('1078','802','1','1');
INSERT INTO `decoration_recipe` VALUES ('1078','668','1','1');
INSERT INTO `decoration_recipe` VALUES ('1078','459','3','1');
INSERT INTO `decoration_recipe` VALUES ('1079','944','1','1');
INSERT INTO `decoration_recipe` VALUES ('1079','475','1','1');
INSERT INTO `decoration_recipe` VALUES ('1079','659','1','1');
INSERT INTO `decoration_recipe` VALUES ('1080','944','1','1');
INSERT INTO `decoration_recipe` VALUES ('1080','479','1','1');
INSERT INTO `decoration_recipe` VALUES ('1080','660','1','1');
INSERT INTO `decoration_recipe` VALUES ('1080','33','3','1');
INSERT INTO `decoration_recipe` VALUES ('1081','944','1','1');
INSERT INTO `decoration_recipe` VALUES ('1081','604','1','1');
INSERT INTO `decoration_recipe` VALUES ('1081','442','2','1');
INSERT INTO `decoration_recipe` VALUES ('1081','370','1','1');
INSERT INTO `decoration_recipe` VALUES ('1082','943','1','1');
INSERT INTO `decoration_recipe` VALUES ('1082','715','3','1');
INSERT INTO `decoration_recipe` VALUES ('1082','722','1','1');
INSERT INTO `decoration_recipe` VALUES ('1082','55','2','1');
INSERT INTO `decoration_recipe` VALUES ('1082','944','1','2');
INSERT INTO `decoration_recipe` VALUES ('1082','713','2','2');
INSERT INTO `decoration_recipe` VALUES ('1082','586','1','2');
INSERT INTO `decoration_recipe` VALUES ('1082','12','1','2');
INSERT INTO `decoration_recipe` VALUES ('1083','943','1','1');
INSERT INTO `decoration_recipe` VALUES ('1083','709','1','1');
INSERT INTO `decoration_recipe` VALUES ('1083','436','1','1');
INSERT INTO `decoration_recipe` VALUES ('1083','944','1','2');
INSERT INTO `decoration_recipe` VALUES ('1083','711','1','2');
INSERT INTO `decoration_recipe` VALUES ('1084','944','1','1');
INSERT INTO `decoration_recipe` VALUES ('1084','510','3','1');
INSERT INTO `decoration_recipe` VALUES ('1084','550','1','1');
INSERT INTO `decoration_recipe` VALUES ('1085','943','1','1');
INSERT INTO `decoration_recipe` VALUES ('1085','362','2','1');
INSERT INTO `decoration_recipe` VALUES ('1085','654','1','1');
INSERT INTO `decoration_recipe` VALUES ('1085','131','20','1');
INSERT INTO `decoration_recipe` VALUES ('1086','944','1','1');
INSERT INTO `decoration_recipe` VALUES ('1086','452','3','1');
INSERT INTO `decoration_recipe` VALUES ('1086','773','2','1');
INSERT INTO `decoration_recipe` VALUES ('1086','129','50','1');
INSERT INTO `decoration_recipe` VALUES ('1087','944','1','1');
INSERT INTO `decoration_recipe` VALUES ('1087','487','3','1');
INSERT INTO `decoration_recipe` VALUES ('1087','708','1','1');
INSERT INTO `decoration_recipe` VALUES ('1087','244','2','1');
INSERT INTO `decoration_recipe` VALUES ('1088','943','1','1');
INSERT INTO `decoration_recipe` VALUES ('1088','610','3','1');
INSERT INTO `decoration_recipe` VALUES ('1088','377','1','1');
INSERT INTO `decoration_recipe` VALUES ('1088','903','1','1');
INSERT INTO `decoration_recipe` VALUES ('1088','944','1','2');
INSERT INTO `decoration_recipe` VALUES ('1088','611','1','2');
INSERT INTO `decoration_recipe` VALUES ('1088','378','1','2');
INSERT INTO `decoration_recipe` VALUES ('1089','944','1','1');
INSERT INTO `decoration_recipe` VALUES ('1089','372','3','1');
INSERT INTO `decoration_recipe` VALUES ('1089','467','3','1');
INSERT INTO `decoration_recipe` VALUES ('1089','77','2','1');
INSERT INTO `decoration_recipe` VALUES ('1090','944','1','1');
INSERT INTO `decoration_recipe` VALUES ('1090','626','1','1');
INSERT INTO `decoration_recipe` VALUES ('1090','652','2','1');
INSERT INTO `decoration_recipe` VALUES ('1090','418','2','1');
INSERT INTO `decoration_recipe` VALUES ('1091','944','1','1');
INSERT INTO `decoration_recipe` VALUES ('1091','804','1','1');
INSERT INTO `decoration_recipe` VALUES ('1091','725','2','1');
INSERT INTO `decoration_recipe` VALUES ('1091','588','1','1');
INSERT INTO `decoration_recipe` VALUES ('1092','944','1','1');
INSERT INTO `decoration_recipe` VALUES ('1092','780','1','1');
INSERT INTO `decoration_recipe` VALUES ('1092','575','1','1');
INSERT INTO `decoration_recipe` VALUES ('1092','633','1','1');
INSERT INTO `decoration_recipe` VALUES ('1093','944','1','1');
INSERT INTO `decoration_recipe` VALUES ('1093','745','2','1');
INSERT INTO `decoration_recipe` VALUES ('1093','391','1','1');
INSERT INTO `decoration_recipe` VALUES ('1093','346','1','1');
INSERT INTO `decoration_recipe` VALUES ('1094','944','1','1');
INSERT INTO `decoration_recipe` VALUES ('1094','628','1','1');
INSERT INTO `decoration_recipe` VALUES ('1094','497','4','1');
INSERT INTO `decoration_recipe` VALUES ('1094','748','2','1');
INSERT INTO `decoration_recipe` VALUES ('1095','944','1','1');
INSERT INTO `decoration_recipe` VALUES ('1095','707','2','1');
INSERT INTO `decoration_recipe` VALUES ('1095','299','1','1');
INSERT INTO `decoration_recipe` VALUES ('1095','689','2','1');
INSERT INTO `decoration_recipe` VALUES ('1096','944','1','1');
INSERT INTO `decoration_recipe` VALUES ('1096','439','3','1');
INSERT INTO `decoration_recipe` VALUES ('1096','460','4','1');
INSERT INTO `decoration_recipe` VALUES ('1096','746','1','1');
INSERT INTO `decoration_recipe` VALUES ('1097','944','1','1');
INSERT INTO `decoration_recipe` VALUES ('1097','512','3','1');
INSERT INTO `decoration_recipe` VALUES ('1097','574','2','1');
INSERT INTO `decoration_recipe` VALUES ('1097','726','1','1');
INSERT INTO `decoration_recipe` VALUES ('1098','944','1','1');
INSERT INTO `decoration_recipe` VALUES ('1098','453','3','1');
INSERT INTO `decoration_recipe` VALUES ('1098','701','3','1');
INSERT INTO `decoration_recipe` VALUES ('1098','738','1','1');
INSERT INTO `decoration_recipe` VALUES ('1099','944','1','1');
INSERT INTO `decoration_recipe` VALUES ('1099','687','2','1');
INSERT INTO `decoration_recipe` VALUES ('1099','430','4','1');
INSERT INTO `decoration_recipe` VALUES ('1099','300','1','1');
INSERT INTO `decoration_recipe` VALUES ('1100','944','1','1');
INSERT INTO `decoration_recipe` VALUES ('1100','542','4','1');
INSERT INTO `decoration_recipe` VALUES ('1100','16','3','1');
INSERT INTO `decoration_recipe` VALUES ('1100','435','2','1');
INSERT INTO `decoration_recipe` VALUES ('1101','944','1','1');
INSERT INTO `decoration_recipe` VALUES ('1101','564','1','1');
INSERT INTO `decoration_recipe` VALUES ('1101','606','1','1');
INSERT INTO `decoration_recipe` VALUES ('1101','26','2','1');
INSERT INTO `decoration_recipe` VALUES ('1101','944','1','2');
INSERT INTO `decoration_recipe` VALUES ('1101','565','1','2');
INSERT INTO `decoration_recipe` VALUES ('1101','737','1','2');
INSERT INTO `decoration_recipe` VALUES ('1102','944','1','1');
INSERT INTO `decoration_recipe` VALUES ('1102','584','3','1');
INSERT INTO `decoration_recipe` VALUES ('1102','532','4','1');
INSERT INTO `decoration_recipe` VALUES ('1102','299','1','1');
INSERT INTO `decoration_recipe` VALUES ('1103','944','1','1');
INSERT INTO `decoration_recipe` VALUES ('1103','683','2','1');
INSERT INTO `decoration_recipe` VALUES ('1103','765','1','1');
INSERT INTO `decoration_recipe` VALUES ('1103','896','3','1');
INSERT INTO `decoration_recipe` VALUES ('1104','944','1','1');
INSERT INTO `decoration_recipe` VALUES ('1104','729','2','1');
INSERT INTO `decoration_recipe` VALUES ('1104','640','1','1');
INSERT INTO `decoration_recipe` VALUES ('1104','216','1','1');
INSERT INTO `decoration_recipe` VALUES ('1105','944','1','1');
INSERT INTO `decoration_recipe` VALUES ('1105','464','1','1');
INSERT INTO `decoration_recipe` VALUES ('1105','667','1','1');
INSERT INTO `decoration_recipe` VALUES ('1105','674','1','1');
INSERT INTO `decoration_recipe` VALUES ('1106','944','1','1');
INSERT INTO `decoration_recipe` VALUES ('1106','210','3','1');
INSERT INTO `decoration_recipe` VALUES ('1106','472','1','1');
INSERT INTO `decoration_recipe` VALUES ('1106','403','1','1');
INSERT INTO `decoration_recipe` VALUES ('1106','944','1','2');
INSERT INTO `decoration_recipe` VALUES ('1106','473','1','2');
INSERT INTO `decoration_recipe` VALUES ('1106','404','1','2');
INSERT INTO `decoration_recipe` VALUES ('1107','944','1','1');
INSERT INTO `decoration_recipe` VALUES ('1107','774','1','1');
INSERT INTO `decoration_recipe` VALUES ('1107','528','1','1');
INSERT INTO `decoration_recipe` VALUES ('1107','28','5','1');
INSERT INTO `decoration_recipe` VALUES ('1108','944','1','1');
INSERT INTO `decoration_recipe` VALUES ('1108','769','3','1');
INSERT INTO `decoration_recipe` VALUES ('1108','454','2','1');
INSERT INTO `decoration_recipe` VALUES ('1108','606','1','1');
INSERT INTO `decoration_recipe` VALUES ('1109','944','1','1');
INSERT INTO `decoration_recipe` VALUES ('1109','810','3','1');
INSERT INTO `decoration_recipe` VALUES ('1109','337','1','1');
INSERT INTO `decoration_recipe` VALUES ('1109','300','1','1');
INSERT INTO `decoration_recipe` VALUES ('1110','944','1','1');
INSERT INTO `decoration_recipe` VALUES ('1110','783','2','1');
INSERT INTO `decoration_recipe` VALUES ('1110','620','1','1');
INSERT INTO `decoration_recipe` VALUES ('1110','423','3','1');
INSERT INTO `decoration_recipe` VALUES ('1111','944','1','1');
INSERT INTO `decoration_recipe` VALUES ('1111','465','2','1');
INSERT INTO `decoration_recipe` VALUES ('1111','717','3','1');
INSERT INTO `decoration_recipe` VALUES ('1111','488','4','1');
INSERT INTO `decoration_recipe` VALUES ('1112','944','1','1');
INSERT INTO `decoration_recipe` VALUES ('1112','806','1','1');
INSERT INTO `decoration_recipe` VALUES ('1112','545','1','1');
INSERT INTO `decoration_recipe` VALUES ('1112','363','1','1');

-- decoration skill table
INSERT INTO `decoration_skill` VALUES ('945','2','1');
INSERT INTO `decoration_skill` VALUES ('945','5','-1');
INSERT INTO `decoration_skill` VALUES ('946','2','2');
INSERT INTO `decoration_skill` VALUES ('947','3','1');
INSERT INTO `decoration_skill` VALUES ('947','44','-1');
INSERT INTO `decoration_skill` VALUES ('948','3','2');
INSERT INTO `decoration_skill` VALUES ('949','4','1');
INSERT INTO `decoration_skill` VALUES ('949','2','-1');
INSERT INTO `decoration_skill` VALUES ('950','4','2');
INSERT INTO `decoration_skill` VALUES ('951','5','1');
INSERT INTO `decoration_skill` VALUES ('951','4','-1');
INSERT INTO `decoration_skill` VALUES ('952','5','2');
INSERT INTO `decoration_skill` VALUES ('953','6','1');
INSERT INTO `decoration_skill` VALUES ('953','8','-1');
INSERT INTO `decoration_skill` VALUES ('954','6','2');
INSERT INTO `decoration_skill` VALUES ('955','7','1');
INSERT INTO `decoration_skill` VALUES ('955','70','-1');
INSERT INTO `decoration_skill` VALUES ('956','7','2');
INSERT INTO `decoration_skill` VALUES ('957','8','1');
INSERT INTO `decoration_skill` VALUES ('957','51','-1');
INSERT INTO `decoration_skill` VALUES ('958','8','2');
INSERT INTO `decoration_skill` VALUES ('959','9','2');
INSERT INTO `decoration_skill` VALUES ('960','10','1');
INSERT INTO `decoration_skill` VALUES ('960','4','-1');
INSERT INTO `decoration_skill` VALUES ('961','11','1');
INSERT INTO `decoration_skill` VALUES ('961','36','-1');
INSERT INTO `decoration_skill` VALUES ('962','12','1');
INSERT INTO `decoration_skill` VALUES ('962','63','-1');
INSERT INTO `decoration_skill` VALUES ('963','13','1');
INSERT INTO `decoration_skill` VALUES ('963','58','-1');
INSERT INTO `decoration_skill` VALUES ('964','14','1');
INSERT INTO `decoration_skill` VALUES ('964','9','-1');
INSERT INTO `decoration_skill` VALUES ('965','15','2');
INSERT INTO `decoration_skill` VALUES ('966','16','1');
INSERT INTO `decoration_skill` VALUES ('966','65','-1');
INSERT INTO `decoration_skill` VALUES ('967','17','1');
INSERT INTO `decoration_skill` VALUES ('967','65','-1');
INSERT INTO `decoration_skill` VALUES ('968','18','2');
INSERT INTO `decoration_skill` VALUES ('969','19','2');
INSERT INTO `decoration_skill` VALUES ('970','20','1');
INSERT INTO `decoration_skill` VALUES ('970','33','-1');
INSERT INTO `decoration_skill` VALUES ('971','21','1');
INSERT INTO `decoration_skill` VALUES ('971','20','-1');
INSERT INTO `decoration_skill` VALUES ('972','22','1');
INSERT INTO `decoration_skill` VALUES ('972','20','-1');
INSERT INTO `decoration_skill` VALUES ('973','23','1');
INSERT INTO `decoration_skill` VALUES ('973','20','-1');
INSERT INTO `decoration_skill` VALUES ('974','24','1');
INSERT INTO `decoration_skill` VALUES ('974','20','-1');
INSERT INTO `decoration_skill` VALUES ('975','25','2');
INSERT INTO `decoration_skill` VALUES ('976','26','2');
INSERT INTO `decoration_skill` VALUES ('977','27','2');
INSERT INTO `decoration_skill` VALUES ('978','28','2');
INSERT INTO `decoration_skill` VALUES ('979','29','2');
INSERT INTO `decoration_skill` VALUES ('980','30','1');
INSERT INTO `decoration_skill` VALUES ('980','10','-1');
INSERT INTO `decoration_skill` VALUES ('981','31','1');
INSERT INTO `decoration_skill` VALUES ('981','10','-1');
INSERT INTO `decoration_skill` VALUES ('982','32','2');
INSERT INTO `decoration_skill` VALUES ('983','33','1');
INSERT INTO `decoration_skill` VALUES ('983','68','-1');
INSERT INTO `decoration_skill` VALUES ('984','33','2');
INSERT INTO `decoration_skill` VALUES ('985','34','2');
INSERT INTO `decoration_skill` VALUES ('986','35','1');
INSERT INTO `decoration_skill` VALUES ('987','36','1');
INSERT INTO `decoration_skill` VALUES ('988','37','1');
INSERT INTO `decoration_skill` VALUES ('989','37','2');
INSERT INTO `decoration_skill` VALUES ('990','38','1');
INSERT INTO `decoration_skill` VALUES ('990','37','-1');
INSERT INTO `decoration_skill` VALUES ('991','39','2');
INSERT INTO `decoration_skill` VALUES ('992','40','1');
INSERT INTO `decoration_skill` VALUES ('992','8','-1');
INSERT INTO `decoration_skill` VALUES ('993','41','2');
INSERT INTO `decoration_skill` VALUES ('994','42','1');
INSERT INTO `decoration_skill` VALUES ('994','64','-1');
INSERT INTO `decoration_skill` VALUES ('995','43','1');
INSERT INTO `decoration_skill` VALUES ('995','44','-1');
INSERT INTO `decoration_skill` VALUES ('996','43','2');
INSERT INTO `decoration_skill` VALUES ('997','44','1');
INSERT INTO `decoration_skill` VALUES ('997','46','-1');
INSERT INTO `decoration_skill` VALUES ('998','44','2');
INSERT INTO `decoration_skill` VALUES ('999','45','1');
INSERT INTO `decoration_skill` VALUES ('999','43','-1');
INSERT INTO `decoration_skill` VALUES ('1000','45','2');
INSERT INTO `decoration_skill` VALUES ('1001','46','1');
INSERT INTO `decoration_skill` VALUES ('1001','45','-1');
INSERT INTO `decoration_skill` VALUES ('1002','46','2');
INSERT INTO `decoration_skill` VALUES ('1003','47','1');
INSERT INTO `decoration_skill` VALUES ('1003','5','-1');
INSERT INTO `decoration_skill` VALUES ('1004','47','2');
INSERT INTO `decoration_skill` VALUES ('1005','48','1');
INSERT INTO `decoration_skill` VALUES ('1005','49','-1');
INSERT INTO `decoration_skill` VALUES ('1006','48','2');
INSERT INTO `decoration_skill` VALUES ('1007','49','1');
INSERT INTO `decoration_skill` VALUES ('1007','48','-1');
INSERT INTO `decoration_skill` VALUES ('1008','49','2');
INSERT INTO `decoration_skill` VALUES ('1009','50','1');
INSERT INTO `decoration_skill` VALUES ('1009','55','-1');
INSERT INTO `decoration_skill` VALUES ('1010','51','2');
INSERT INTO `decoration_skill` VALUES ('1011','52','2');
INSERT INTO `decoration_skill` VALUES ('1012','53','2');
INSERT INTO `decoration_skill` VALUES ('1013','54','1');
INSERT INTO `decoration_skill` VALUES ('1014','54','2');
INSERT INTO `decoration_skill` VALUES ('1015','55','1');
INSERT INTO `decoration_skill` VALUES ('1015','54','-1');
INSERT INTO `decoration_skill` VALUES ('1016','56','2');
INSERT INTO `decoration_skill` VALUES ('1017','57','2');
INSERT INTO `decoration_skill` VALUES ('1018','58','1');
INSERT INTO `decoration_skill` VALUES ('1018','9','-1');
INSERT INTO `decoration_skill` VALUES ('1019','59','2');
INSERT INTO `decoration_skill` VALUES ('1020','60','2');
INSERT INTO `decoration_skill` VALUES ('1021','61','2');
INSERT INTO `decoration_skill` VALUES ('1022','62','1');
INSERT INTO `decoration_skill` VALUES ('1022','49','-1');
INSERT INTO `decoration_skill` VALUES ('1023','63','1');
INSERT INTO `decoration_skill` VALUES ('1023','37','-1');
INSERT INTO `decoration_skill` VALUES ('1024','64','1');
INSERT INTO `decoration_skill` VALUES ('1024','5','-1');
INSERT INTO `decoration_skill` VALUES ('1025','65','1');
INSERT INTO `decoration_skill` VALUES ('1025','33','-1');
INSERT INTO `decoration_skill` VALUES ('1026','66','1');
INSERT INTO `decoration_skill` VALUES ('1026','20','-1');
INSERT INTO `decoration_skill` VALUES ('1027','67','1');
INSERT INTO `decoration_skill` VALUES ('1027','99','-1');
INSERT INTO `decoration_skill` VALUES ('1028','67','2');
INSERT INTO `decoration_skill` VALUES ('1029','68','1');
INSERT INTO `decoration_skill` VALUES ('1029','58','-1');
INSERT INTO `decoration_skill` VALUES ('1030','69','1');
INSERT INTO `decoration_skill` VALUES ('1030','55','-1');
INSERT INTO `decoration_skill` VALUES ('1031','70','1');
INSERT INTO `decoration_skill` VALUES ('1031','4','-1');
INSERT INTO `decoration_skill` VALUES ('1032','71','1');
INSERT INTO `decoration_skill` VALUES ('1032','3','-1');
INSERT INTO `decoration_skill` VALUES ('1033','72','2');
INSERT INTO `decoration_skill` VALUES ('1034','73','1');
INSERT INTO `decoration_skill` VALUES ('1034','65','-1');
INSERT INTO `decoration_skill` VALUES ('1035','73','2');
INSERT INTO `decoration_skill` VALUES ('1036','74','2');
INSERT INTO `decoration_skill` VALUES ('1037','75','2');
INSERT INTO `decoration_skill` VALUES ('1038','76','1');
INSERT INTO `decoration_skill` VALUES ('1038','35','-1');
INSERT INTO `decoration_skill` VALUES ('1039','77','1');
INSERT INTO `decoration_skill` VALUES ('1039','14','-1');
INSERT INTO `decoration_skill` VALUES ('1040','78','2');
INSERT INTO `decoration_skill` VALUES ('1041','79','2');
INSERT INTO `decoration_skill` VALUES ('1042','80','2');
INSERT INTO `decoration_skill` VALUES ('1043','81','2');
INSERT INTO `decoration_skill` VALUES ('1044','82','2');
INSERT INTO `decoration_skill` VALUES ('1045','83','1');
INSERT INTO `decoration_skill` VALUES ('1045','98','-1');
INSERT INTO `decoration_skill` VALUES ('1046','84','2');
INSERT INTO `decoration_skill` VALUES ('1047','85','1');
INSERT INTO `decoration_skill` VALUES ('1047','98','-1');
INSERT INTO `decoration_skill` VALUES ('1048','86','2');
INSERT INTO `decoration_skill` VALUES ('1049','87','1');
INSERT INTO `decoration_skill` VALUES ('1049','59','-1');
INSERT INTO `decoration_skill` VALUES ('1050','88','1');
INSERT INTO `decoration_skill` VALUES ('1050','65','-1');
INSERT INTO `decoration_skill` VALUES ('1051','89','1');
INSERT INTO `decoration_skill` VALUES ('1051','55','-1');
INSERT INTO `decoration_skill` VALUES ('1052','90','2');
INSERT INTO `decoration_skill` VALUES ('1053','98','1');
INSERT INTO `decoration_skill` VALUES ('1053','88','-1');
INSERT INTO `decoration_skill` VALUES ('1054','99','1');
INSERT INTO `decoration_skill` VALUES ('1054','37','-1');
INSERT INTO `decoration_skill` VALUES ('1055','2','3');
INSERT INTO `decoration_skill` VALUES ('1055','5','-1');
INSERT INTO `decoration_skill` VALUES ('1056','4','3');
INSERT INTO `decoration_skill` VALUES ('1056','2','-1');
INSERT INTO `decoration_skill` VALUES ('1057','5','3');
INSERT INTO `decoration_skill` VALUES ('1057','4','-1');
INSERT INTO `decoration_skill` VALUES ('1058','7','3');
INSERT INTO `decoration_skill` VALUES ('1058','70','-1');
INSERT INTO `decoration_skill` VALUES ('1059','10','3');
INSERT INTO `decoration_skill` VALUES ('1059','4','-1');
INSERT INTO `decoration_skill` VALUES ('1060','14','3');
INSERT INTO `decoration_skill` VALUES ('1060','9','-1');
INSERT INTO `decoration_skill` VALUES ('1061','16','3');
INSERT INTO `decoration_skill` VALUES ('1061','65','-1');
INSERT INTO `decoration_skill` VALUES ('1062','17','3');
INSERT INTO `decoration_skill` VALUES ('1062','65','-1');
INSERT INTO `decoration_skill` VALUES ('1063','20','3');
INSERT INTO `decoration_skill` VALUES ('1063','33','-1');
INSERT INTO `decoration_skill` VALUES ('1064','30','3');
INSERT INTO `decoration_skill` VALUES ('1064','10','-1');
INSERT INTO `decoration_skill` VALUES ('1065','33','3');
INSERT INTO `decoration_skill` VALUES ('1065','68','-1');
INSERT INTO `decoration_skill` VALUES ('1066','35','3');
INSERT INTO `decoration_skill` VALUES ('1066','36','-1');
INSERT INTO `decoration_skill` VALUES ('1067','36','3');
INSERT INTO `decoration_skill` VALUES ('1067','42','-1');
INSERT INTO `decoration_skill` VALUES ('1068','40','3');
INSERT INTO `decoration_skill` VALUES ('1068','8','-1');
INSERT INTO `decoration_skill` VALUES ('1069','42','3');
INSERT INTO `decoration_skill` VALUES ('1069','64','-1');
INSERT INTO `decoration_skill` VALUES ('1070','47','3');
INSERT INTO `decoration_skill` VALUES ('1070','5','-1');
INSERT INTO `decoration_skill` VALUES ('1071','48','3');
INSERT INTO `decoration_skill` VALUES ('1071','49','-1');
INSERT INTO `decoration_skill` VALUES ('1072','49','3');
INSERT INTO `decoration_skill` VALUES ('1072','48','-1');
INSERT INTO `decoration_skill` VALUES ('1073','50','3');
INSERT INTO `decoration_skill` VALUES ('1073','55','-1');
INSERT INTO `decoration_skill` VALUES ('1074','55','3');
INSERT INTO `decoration_skill` VALUES ('1074','54','-1');
INSERT INTO `decoration_skill` VALUES ('1075','58','2');
INSERT INTO `decoration_skill` VALUES ('1075','9','-1');
INSERT INTO `decoration_skill` VALUES ('1076','58','3');
INSERT INTO `decoration_skill` VALUES ('1076','9','-1');
INSERT INTO `decoration_skill` VALUES ('1077','62','3');
INSERT INTO `decoration_skill` VALUES ('1077','49','-1');
INSERT INTO `decoration_skill` VALUES ('1078','63','3');
INSERT INTO `decoration_skill` VALUES ('1078','37','-1');
INSERT INTO `decoration_skill` VALUES ('1079','64','2');
INSERT INTO `decoration_skill` VALUES ('1079','5','-1');
INSERT INTO `decoration_skill` VALUES ('1080','64','3');
INSERT INTO `decoration_skill` VALUES ('1080','5','-1');
INSERT INTO `decoration_skill` VALUES ('1081','68','2');
INSERT INTO `decoration_skill` VALUES ('1081','58','-1');
INSERT INTO `decoration_skill` VALUES ('1082','70','3');
INSERT INTO `decoration_skill` VALUES ('1082','4','-1');
INSERT INTO `decoration_skill` VALUES ('1083','71','3');
INSERT INTO `decoration_skill` VALUES ('1083','3','-1');
INSERT INTO `decoration_skill` VALUES ('1084','77','3');
INSERT INTO `decoration_skill` VALUES ('1084','14','-1');
INSERT INTO `decoration_skill` VALUES ('1085','83','3');
INSERT INTO `decoration_skill` VALUES ('1085','98','-1');
INSERT INTO `decoration_skill` VALUES ('1086','85','3');
INSERT INTO `decoration_skill` VALUES ('1086','98','-1');
INSERT INTO `decoration_skill` VALUES ('1087','87','3');
INSERT INTO `decoration_skill` VALUES ('1087','59','-1');
INSERT INTO `decoration_skill` VALUES ('1088','88','3');
INSERT INTO `decoration_skill` VALUES ('1088','65','-1');
INSERT INTO `decoration_skill` VALUES ('1089','89','3');
INSERT INTO `decoration_skill` VALUES ('1089','55','-1');
INSERT INTO `decoration_skill` VALUES ('1090','11','4');
INSERT INTO `decoration_skill` VALUES ('1090','36','-2');
INSERT INTO `decoration_skill` VALUES ('1091','12','4');
INSERT INTO `decoration_skill` VALUES ('1091','63','-2');
INSERT INTO `decoration_skill` VALUES ('1092','13','4');
INSERT INTO `decoration_skill` VALUES ('1092','58','-2');
INSERT INTO `decoration_skill` VALUES ('1093','14','5');
INSERT INTO `decoration_skill` VALUES ('1093','9','-1');
INSERT INTO `decoration_skill` VALUES ('1094','17','4');
INSERT INTO `decoration_skill` VALUES ('1094','65','-2');
INSERT INTO `decoration_skill` VALUES ('1095','21','4');
INSERT INTO `decoration_skill` VALUES ('1095','20','-2');
INSERT INTO `decoration_skill` VALUES ('1096','22','4');
INSERT INTO `decoration_skill` VALUES ('1096','20','-2');
INSERT INTO `decoration_skill` VALUES ('1097','23','4');
INSERT INTO `decoration_skill` VALUES ('1097','20','-2');
INSERT INTO `decoration_skill` VALUES ('1098','24','4');
INSERT INTO `decoration_skill` VALUES ('1098','20','-2');
INSERT INTO `decoration_skill` VALUES ('1099','31','4');
INSERT INTO `decoration_skill` VALUES ('1099','10','-2');
INSERT INTO `decoration_skill` VALUES ('1100','35','5');
INSERT INTO `decoration_skill` VALUES ('1100','36','-1');
INSERT INTO `decoration_skill` VALUES ('1101','38','4');
INSERT INTO `decoration_skill` VALUES ('1101','37','-2');
INSERT INTO `decoration_skill` VALUES ('1102','40','5');
INSERT INTO `decoration_skill` VALUES ('1102','8','-1');
INSERT INTO `decoration_skill` VALUES ('1103','42','5');
INSERT INTO `decoration_skill` VALUES ('1103','64','-1');
INSERT INTO `decoration_skill` VALUES ('1104','50','5');
INSERT INTO `decoration_skill` VALUES ('1104','55','-1');
INSERT INTO `decoration_skill` VALUES ('1105','63','4');
INSERT INTO `decoration_skill` VALUES ('1105','37','-2');
INSERT INTO `decoration_skill` VALUES ('1106','65','4');
INSERT INTO `decoration_skill` VALUES ('1106','33','-2');
INSERT INTO `decoration_skill` VALUES ('1107','66','4');
INSERT INTO `decoration_skill` VALUES ('1107','20','-2');
INSERT INTO `decoration_skill` VALUES ('1108','68','4');
INSERT INTO `decoration_skill` VALUES ('1108','58','-2');
INSERT INTO `decoration_skill` VALUES ('1109','69','4');
INSERT INTO `decoration_skill` VALUES ('1109','55','-2');
INSERT INTO `decoration_skill` VALUES ('1110','76','4');
INSERT INTO `decoration_skill` VALUES ('1110','35','-2');
INSERT INTO `decoration_skill` VALUES ('1111','98','4');
INSERT INTO `decoration_skill` VALUES ('1111','88','-2');
INSERT INTO `decoration_skill` VALUES ('1112','99','4');
INSERT INTO `decoration_skill` VALUES ('1112','37','-2');

-- combination table
INSERT INTO `item_combination` VALUES ('7','162','176','NORMAL','1','1','95');
INSERT INTO `item_combination` VALUES ('8','7','160','NORMAL','1','1','90');
INSERT INTO `item_combination` VALUES ('9','176','249','NORMAL','1','1','90');
INSERT INTO `item_combination` VALUES ('10','9','160','NORMAL','1','1','75');
INSERT INTO `item_combination` VALUES ('11','163','176','NORMAL','1','1','95');
INSERT INTO `item_combination` VALUES ('30','169','250','NORMAL','1','1','90');
INSERT INTO `item_combination` VALUES ('31','10','181','NORMAL','1','1','65');
INSERT INTO `item_combination` VALUES ('32','12','326','NORMAL','1','1','55');
INSERT INTO `item_combination` VALUES ('33','160','250','NORMAL','1','1','75');
INSERT INTO `item_combination` VALUES ('12','33','181','NORMAL','1','1','75');
INSERT INTO `item_combination` VALUES ('13','33','47','NORMAL','1','1','75');
INSERT INTO `item_combination` VALUES ('14','48','278','NORMAL','1','1','65');
INSERT INTO `item_combination` VALUES ('34','160','161','NORMAL','1','1','65');
INSERT INTO `item_combination` VALUES ('15','33','185','NORMAL','1','1','65');
INSERT INTO `item_combination` VALUES ('16','15','279','NORMAL','1','1','55');
INSERT INTO `item_combination` VALUES ('17','12','185','NORMAL','1','1','75');
INSERT INTO `item_combination` VALUES ('18','33','186','NORMAL','1','1','65');
INSERT INTO `item_combination` VALUES ('19','18','279','NORMAL','1','1','55');
INSERT INTO `item_combination` VALUES ('20','12','186','NORMAL','1','1','75');
INSERT INTO `item_combination` VALUES ('22','170','250','NORMAL','1','1','95');
INSERT INTO `item_combination` VALUES ('51','48','170','NORMAL','1','1','95');
INSERT INTO `item_combination` VALUES ('21','218','250','NORMAL','1','1','95');
INSERT INTO `item_combination` VALUES ('52','48','218','NORMAL','1','1','95');
INSERT INTO `item_combination` VALUES ('182','170','174','NORMAL','1','1','85');
INSERT INTO `item_combination` VALUES ('192','191','218','NORMAL','1','1','85');
INSERT INTO `item_combination` VALUES ('23','164','232','NORMAL','1','1','95');
INSERT INTO `item_combination` VALUES ('44','43','179','NORMAL','1','1','90');
INSERT INTO `item_combination` VALUES ('45','43','178','NORMAL','1','1','90');
INSERT INTO `item_combination` VALUES ('46','43','166','NORMAL','1','1','90');
INSERT INTO `item_combination` VALUES ('63','167','199','NORMAL','2','2','95');
INSERT INTO `item_combination` VALUES ('73','63','161','NORMAL','1','1','95');
INSERT INTO `item_combination` VALUES ('70','63','165','NORMAL','1','1','75');
INSERT INTO `item_combination` VALUES ('71','63','179','NORMAL','1','1','75');
INSERT INTO `item_combination` VALUES ('65','63','251','NORMAL','1','1','75');
INSERT INTO `item_combination` VALUES ('69','63','67','NORMAL','1','1','75');
INSERT INTO `item_combination` VALUES ('64','167','184','NORMAL','1','1','95');
INSERT INTO `item_combination` VALUES ('72','63','180','NORMAL','1','1','95');
INSERT INTO `item_combination` VALUES ('35','164','177','NORMAL','1','1','95');
INSERT INTO `item_combination` VALUES ('84','82','164','NORMAL','1','1','90');
INSERT INTO `item_combination` VALUES ('85','84','234','NORMAL','1','1','90');
INSERT INTO `item_combination` VALUES ('86','35','83','NORMAL','1','1','75');
INSERT INTO `item_combination` VALUES ('87','86','233','NORMAL','1','1','75');
INSERT INTO `item_combination` VALUES ('80','234','252','NORMAL','1','1','75');
INSERT INTO `item_combination` VALUES ('88','84','658','NORMAL','1','1','75');
INSERT INTO `item_combination` VALUES ('89','88','235','NORMAL','1','1','75');
INSERT INTO `item_combination` VALUES ('66','35','265','NORMAL','1','1','75');
INSERT INTO `item_combination` VALUES ('76','75','165','NORMAL','1','1','90');
INSERT INTO `item_combination` VALUES ('78','76','77','NORMAL','1','1','75');
INSERT INTO `item_combination` VALUES ('79','77','356','NORMAL','1','1','90');
INSERT INTO `item_combination` VALUES ('139','136','246','NORMAL','1','1','95');
INSERT INTO `item_combination` VALUES ('140','135','247','NORMAL','1','1','95');
INSERT INTO `item_combination` VALUES ('141','137','248','NORMAL','1','1','90');
INSERT INTO `item_combination` VALUES ('143','199','291','NORMAL','1','1','95');
INSERT INTO `item_combination` VALUES ('144','201','291','NORMAL','1','1','75');
INSERT INTO `item_combination` VALUES ('145','203','291','NORMAL','1','1','95');
INSERT INTO `item_combination` VALUES ('147','76','288','NORMAL','1','1','95');
INSERT INTO `item_combination` VALUES ('148','76','280','NORMAL','1','1','75');
INSERT INTO `item_combination` VALUES ('149','76','281','NORMAL','1','1','95');
INSERT INTO `item_combination` VALUES ('217','202','250','NORMAL','1','1','75');
INSERT INTO `item_combination` VALUES ('36','249','297','NORMAL','1','1','90');
INSERT INTO `item_combination` VALUES ('37','36','298','NORMAL','1','1','65');
INSERT INTO `item_combination` VALUES ('156','37','155','NORMAL','1','1','65');
INSERT INTO `item_combination` VALUES ('157','155','217','NORMAL','1','1','65');
INSERT INTO `item_combination` VALUES ('158','16','281','NORMAL','1','1','55');
INSERT INTO `item_combination` VALUES ('159','19','281','NORMAL','1','1','55');
INSERT INTO `item_combination` VALUES ('59','58','179','NORMAL','1','1','90');
INSERT INTO `item_combination` VALUES ('60','58','166','NORMAL','1','1','90');
INSERT INTO `item_combination` VALUES ('61','58','178','NORMAL','1','1','90');
INSERT INTO `item_combination` VALUES ('57','152','280','NORMAL','1','1','90');
INSERT INTO `item_combination` VALUES ('39','38','689','NORMAL','1','1','100');
INSERT INTO `item_combination` VALUES ('41','40','689','NORMAL','1','1','100');
INSERT INTO `item_combination` VALUES ('97','93','189','NORMAL','2','4','95');
INSERT INTO `item_combination` VALUES ('98','93','232','NORMAL','2','4','95');
INSERT INTO `item_combination` VALUES ('99','93','347','NORMAL','1','3','90');
INSERT INTO `item_combination` VALUES ('100','93','231','NORMAL','1','3','75');
INSERT INTO `item_combination` VALUES ('101','94','231','NORMAL','1','2','75');
INSERT INTO `item_combination` VALUES ('102','93','188','NORMAL','1','3','90');
INSERT INTO `item_combination` VALUES ('103','93','297','NORMAL','1','3','75');
INSERT INTO `item_combination` VALUES ('104','94','297','NORMAL','1','3','75');
INSERT INTO `item_combination` VALUES ('105','93','234','NORMAL','1','1','90');
INSERT INTO `item_combination` VALUES ('106','94','234','NORMAL','1','1','90');
INSERT INTO `item_combination` VALUES ('107','95','235','NORMAL','1','1','95');
INSERT INTO `item_combination` VALUES ('108','93','190','NORMAL','1','1','90');
INSERT INTO `item_combination` VALUES ('109','94','298','NORMAL','1','1','75');
INSERT INTO `item_combination` VALUES ('110','95','233','NORMAL','1','1','75');
INSERT INTO `item_combination` VALUES ('111','93','164','NORMAL','1','1','90');
INSERT INTO `item_combination` VALUES ('112','93','228','NORMAL','1','3','75');
INSERT INTO `item_combination` VALUES ('113','93','251','NORMAL','2','4','75');
INSERT INTO `item_combination` VALUES ('114','93','218','NORMAL','1','3','75');
INSERT INTO `item_combination` VALUES ('115','95','187','NORMAL','1','1','75');
INSERT INTO `item_combination` VALUES ('116','93','162','NORMAL','1','1','90');
INSERT INTO `item_combination` VALUES ('117','7','93','NORMAL','1','1','90');
INSERT INTO `item_combination` VALUES ('118','93','179','NORMAL','1','1','90');
INSERT INTO `item_combination` VALUES ('119','94','364','NORMAL','1','1','75');
INSERT INTO `item_combination` VALUES ('120','93','178','NORMAL','1','1','90');
INSERT INTO `item_combination` VALUES ('121','94','356','NORMAL','1','1','90');
INSERT INTO `item_combination` VALUES ('122','93','166','NORMAL','1','1','90');
INSERT INTO `item_combination` VALUES ('123','94','230','NORMAL','1','1','75');
INSERT INTO `item_combination` VALUES ('125','93','184','NORMAL','1','1','90');
INSERT INTO `item_combination` VALUES ('126','93','185','NORMAL','1','1','75');
INSERT INTO `item_combination` VALUES ('127','93','186','NORMAL','1','1','75');
INSERT INTO `item_combination` VALUES ('128','94','152','NORMAL','1','2','85');
INSERT INTO `item_combination` VALUES ('130','128','179','NORMAL','1','2','90');
INSERT INTO `item_combination` VALUES ('131','128','178','NORMAL','1','2','85');
INSERT INTO `item_combination` VALUES ('132','128','166','NORMAL','1','2','90');
INSERT INTO `item_combination` VALUES ('129','128','177','NORMAL','1','2','85');
INSERT INTO `item_combination` VALUES ('133','128','228','NORMAL','1','2','85');
INSERT INTO `item_combination` VALUES ('134','128','184','NORMAL','1','2','90');
INSERT INTO `item_combination` VALUES ('42','166','178','NORMAL','1','1','65');
INSERT INTO `item_combination` VALUES ('62','42','58','NORMAL','1','1','65');
INSERT INTO `item_combination` VALUES ('74','42','63','NORMAL','1','1','75');
INSERT INTO `item_combination` VALUES ('124','42','94','NORMAL','1','1','90');
INSERT INTO `item_combination` VALUES ('222','203','221','NORMAL','1','1','100');
INSERT INTO `item_combination` VALUES ('222','221','256','NORMAL','1','1','100');
INSERT INTO `item_combination` VALUES ('223','204','221','NORMAL','1','1','100');
INSERT INTO `item_combination` VALUES ('223','221','257','NORMAL','1','1','100');
INSERT INTO `item_combination` VALUES ('224','205','221','NORMAL','1','1','100');
INSERT INTO `item_combination` VALUES ('224','221','254','NORMAL','1','1','100');
INSERT INTO `item_combination` VALUES ('225','216','221','NORMAL','1','1','100');
INSERT INTO `item_combination` VALUES ('226','206','221','NORMAL','1','1','100');
INSERT INTO `item_combination` VALUES ('226','221','255','NORMAL','1','1','100');
INSERT INTO `item_combination` VALUES ('227','208','221','NORMAL','1','1','100');
INSERT INTO `item_combination` VALUES ('227','221','259','NORMAL','1','1','100');
INSERT INTO `item_combination` VALUES ('200','146','200','NORMAL','5','5','100');
INSERT INTO `item_combination` VALUES ('201','146','201','NORMAL','5','5','100');
INSERT INTO `item_combination` VALUES ('202','146','202','NORMAL','3','3','100');
INSERT INTO `item_combination` VALUES ('203','146','203','NORMAL','3','3','100');
INSERT INTO `item_combination` VALUES ('204','146','204','NORMAL','3','3','100');
INSERT INTO `item_combination` VALUES ('205','146','205','NORMAL','2','2','100');
INSERT INTO `item_combination` VALUES ('206','146','206','NORMAL','2','2','100');
INSERT INTO `item_combination` VALUES ('207','146','207','NORMAL','2','2','100');
INSERT INTO `item_combination` VALUES ('208','146','208','NORMAL','2','2','100');
INSERT INTO `item_combination` VALUES ('209','146','209','NORMAL','2','2','100');
INSERT INTO `item_combination` VALUES ('210','146','210','NORMAL','2','2','100');
INSERT INTO `item_combination` VALUES ('214','146','214','NORMAL','2','2','100');
INSERT INTO `item_combination` VALUES ('215','146','215','NORMAL','2','2','100');
INSERT INTO `item_combination` VALUES ('216','146','216','NORMAL','2','2','100');
INSERT INTO `item_combination` VALUES ('283','146','283','NORMAL','3','3','100');
INSERT INTO `item_combination` VALUES ('284','146','284','NORMAL','2','2','100');
INSERT INTO `item_combination` VALUES ('285','146','285','NORMAL','2','2','100');
INSERT INTO `item_combination` VALUES ('253','146','253','NORMAL','5','5','100');
INSERT INTO `item_combination` VALUES ('256','146','256','NORMAL','3','3','100');
INSERT INTO `item_combination` VALUES ('257','146','257','NORMAL','3','3','100');
INSERT INTO `item_combination` VALUES ('258','146','258','NORMAL','2','2','100');
INSERT INTO `item_combination` VALUES ('254','146','254','NORMAL','3','3','100');
INSERT INTO `item_combination` VALUES ('255','146','255','NORMAL','2','2','100');
INSERT INTO `item_combination` VALUES ('259','146','259','NORMAL','2','2','100');
INSERT INTO `item_combination` VALUES ('1161','1168','1169','TREASURE','1','1','100');
INSERT INTO `item_combination` VALUES ('1162','1170','1171','TREASURE','1','1','100');
INSERT INTO `item_combination` VALUES ('1163','1172','1173','TREASURE','1','1','100');
INSERT INTO `item_combination` VALUES ('1164','1174','1175','TREASURE','1','1','100');
INSERT INTO `item_combination` VALUES ('1165','1176','1177','TREASURE','1','1','100');
INSERT INTO `item_combination` VALUES ('1166','1178','1179','TREASURE','1','1','100');
INSERT INTO `item_combination` VALUES ('1167','1180','1181','TREASURE','1','1','100');
INSERT INTO `item_combination` VALUES ('160','137','174','ALCHEMY','1','1','90');
INSERT INTO `item_combination` VALUES ('162','167','245','ALCHEMY','1','1','95');
INSERT INTO `item_combination` VALUES ('164','154','170','ALCHEMY','1','1','90');
INSERT INTO `item_combination` VALUES ('176','163','179','ALCHEMY','1','1','95');
INSERT INTO `item_combination` VALUES ('43','50','245','ALCHEMY','1','1','95');
INSERT INTO `item_combination` VALUES ('83','165','281','ALCHEMY','1','1','65');
INSERT INTO `item_combination` VALUES ('82','167','280','ALCHEMY','1','1','75');
INSERT INTO `item_combination` VALUES ('93','93','201','ALCHEMY','5','5','75');
INSERT INTO `item_combination` VALUES ('189','189','202','ALCHEMY','5','5','75');
INSERT INTO `item_combination` VALUES ('229','163','230','ALCHEMY','1','1','75');
INSERT INTO `item_combination` VALUES ('47','252','350','ALCHEMY','1','1','90');
INSERT INTO `item_combination` VALUES ('265','138','155','ALCHEMY','1','1','75');
INSERT INTO `item_combination` VALUES ('25','218','270','ALCHEMY','1','1','55');
INSERT INTO `item_combination` VALUES ('24','169','252','ALCHEMY','1','1','75');
INSERT INTO `item_combination` VALUES ('278','187','307','ALCHEMY','1','1','65');
INSERT INTO `item_combination` VALUES ('185','190','350','ALCHEMY','1','1','65');
INSERT INTO `item_combination` VALUES ('186','189','341','ALCHEMY','1','1','65');
INSERT INTO `item_combination` VALUES ('53','56','161','ALCHEMY','1','1','90');

CREATE INDEX `index_decoration_recipe_item_id` ON `decoration_recipe` (`item_id`)
CREATE INDEX `index_decoration_skill_skill_tree_id` ON `decoration_skill` (`skill_tree_id`)
CREATE INDEX `index_item_combination_item_a_id` ON `item_combination` (`item_a_id`)
CREATE INDEX `index_item_combination_item_b_id` ON `item_combination` (`item_b_id`)

PRAGMA foreign_keys=ON;
